1;2;ricardo.lemos@spmedicalgroup.com.br;ricardo123
2;2;roberto.possarle@spmedicalgroup.com.br;possarle123
3;2;helena.souza@spmedicalgroup.com.br;helena123
4;3;ligia@gmail.com;ligia123
5;3;alexandre@gmail.com;alexandre123
6;3;fernando@gmail.com;fernando123
7;3;henrique@gmail.com;henrique123
8;3;joao@gmail.com;joao123
9;3;bruno@gmail.com;bruno123
10;3;mariana@outlook.com;mariana123
11;1;adm@adm.com;adm123
